{
 "t": [
  0.0,
  1.0833078115826873,
  2.1666156231653746,
  3.249923434748062,
  4.333231246330749,
  5.416539057913436,
  6.499846869496124,
  7.5831546810788115,
  8.666462492661498,
  9.749770304244185,
  10.833078115826872,
  11.91638592740956,
  12.999693738992248,
  14.083001550574934,
  15.166309362157623,
  16.249617173740308,
  17.332924985322997,
  18.416232796905685,
  19.49954060848837,
  20.58284842007106,
  21.666156231653744,
  22.749464043236433,
  23.83277185481912,
  24.916079666401806,
  25.999387477984495,
  27.082695289567184,
  28.16600310114987,
  29.249310912732557,
  30.332618724315246,
  31.41592653589793
 ],
 "Tr": [
  0.87841796875,
  0.7626953125,
  0.6985677083333334,
  0.6063639322916666,
  0.5275065104166666,
  0.4440104166666667,
  0.4063313802083333,
  0.356689453125,
  0.3208821614583333,
  0.3070475260416667,
  0.2781575520833333,
  0.2621256510416667,
  0.261962890625,
  0.2255859375,
  0.23421223958333334,
  0.23372395833333334,
  0.24332682291666666,
  0.2841796875,
  0.3186848958333333,
  0.3321126302083333,
  0.33251953125,
  0.3106282552083333,
  0.292724609375,
  0.2548828125,
  0.2657877604166667,
  0.3028157552083333,
  0.3489583333333333,
  0.3970540364583333,
  0.407958984375,
  0.4388020833333333
 ],
 "err": [
  0.012573439710725984,
  0.017062501378693952,
  0.01697396852146314,
  0.010450942549920995,
  0.005008024558029115,
  0.008429434103815867,
  0.004449198220324429,
  0.008544921875,
  0.0019033228456260577,
  0.011868125308681083,
  0.009739480519559553,
  0.0032673925618301974,
  0.012081877960604124,
  0.0067142370873480815,
  0.004803500834431544,
  0.022550248680049876,
  0.015461597094656008,
  0.008954781707994089,
  0.006204140153823541,
  0.009356600755532539,
  0.005272156359617681,
  0.005439705392925914,
  0.008997942866005852,
  0.0010641843123878599,
  0.003383890443732388,
  0.0031084683031875455,
  0.00788884477498551,
  0.004964192708333334,
  0.0039164093149466036,
  0.007032681543121192
 ]
}