{
 "t": [
  0.0,
  1.0833078115826873,
  2.1666156231653746,
  3.249923434748062,
  4.333231246330749,
  5.416539057913436,
  6.499846869496124,
  7.5831546810788115,
  8.666462492661498,
  9.749770304244185,
  10.833078115826872,
  11.91638592740956,
  12.999693738992248,
  14.083001550574934,
  15.166309362157623,
  16.249617173740308,
  17.332924985322997,
  18.416232796905685,
  19.49954060848837,
  20.58284842007106,
  21.666156231653744,
  22.749464043236433,
  23.83277185481912,
  24.916079666401806,
  25.999387477984495,
  27.082695289567184,
  28.16600310114987,
  29.249310912732557,
  30.332618724315246,
  31.41592653589793
 ],
 "Tr": [
  0.6338704427083334,
  0.5470377604166666,
  0.51123046875,
  0.451904296875,
  0.3790690104166667,
  0.3256022135416667,
  0.302490234375,
  0.261962890625,
  0.2526041666666667,
  0.23746744791666666,
  0.22802734375,
  0.21931966145833334,
  0.20060221354166666,
  0.19091796875,
  0.18961588541666666,
  0.18513997395833334,
  0.21207682291666666,
  0.23828125,
  0.2794596354166667,
  0.29052734375,
  0.2843424479166667,
  0.2692057291666667,
  0.24617513020833334,
  0.23958333333333334,
  0.2392578125,
  0.2816569010416667,
  0.3155110677083333,
  0.3572591145833333,
  0.3662109375,
  0.3782552083333333
 ],
 "err": [
  0.054911080739601124,
  0.005297220234480745,
  0.00993605354066553,
  0.00331468291901307,
  0.004566002649448417,
  0.008382161458333334,
  0.009363676225959527,
  0.00832945415489843,
  0.009441156438299415,
  0.0005696614583333334,
  0.011560859907522057,
  0.009243373135190872,
  0.00430392832753169,
  0.0032845761833676054,
  0.0024264406764120407,
  0.009840950273392962,
  0.003605611640116491,
  0.0009866825889471144,
  0.004537630813623258,
  0.0054881885742471895,
  0.005947440231312977,
  0.003950084993330599,
  0.010914964014113336,
  0.00352198649224974,
  0.006846102468440139,
  0.003987630208333334,
  0.004241150462498498,
  0.006048471411478531,
  0.007569671845204092,
  0.006288431476872232
 ]
}