{
 "t": [
  0.0,
  1.0833078115826873,
  2.1666156231653746,
  3.249923434748062,
  4.333231246330749,
  5.416539057913436,
  6.499846869496124,
  7.5831546810788115,
  8.666462492661498,
  9.749770304244185,
  10.833078115826872,
  11.91638592740956,
  12.999693738992248,
  14.083001550574934,
  15.166309362157623,
  16.249617173740308,
  17.332924985322997,
  18.416232796905685,
  19.49954060848837,
  20.58284842007106,
  21.666156231653744,
  22.749464043236433,
  23.83277185481912,
  24.916079666401806,
  25.999387477984495,
  27.082695289567184,
  28.16600310114987,
  29.249310912732557,
  30.332618724315246,
  31.41592653589793
 ],
 "Tr": [
  0.4440104166666667,
  0.3231608072916667,
  0.484619140625,
  0.412353515625,
  0.3509114583333333,
  0.3138834635416667,
  0.2887369791666667,
  0.2587076822916667,
  0.2421875,
  0.234375,
  0.23103841145833334,
  0.212646484375,
  0.20646158854166666,
  0.19222005208333334,
  0.193115234375,
  0.18391927083333334,
  0.177978515625,
  0.23038736979166666,
  0.24666341145833334,
  0.2538248697916667,
  0.24869791666666666,
  0.22469075520833334,
  0.20467122395833334,
  0.20060221354166666,
  0.21565755208333334,
  0.241943359375,
  0.272216796875,
  0.291015625,
  0.3206380208333333,
  0.338134765625
 ],
 "err": [
  0.10548855944809886,
  0.1242986980277636,
  0.005361838024098025,
  0.00579973170657449,
  0.007723406239707275,
  0.00684803694219122,
  0.004009988605063451,
  0.0042153062618717025,
  0.004164727077449215,
  0.0067584780914695846,
  0.00690006273152066,
  0.004939450164548671,
  0.003413121252524539,
  0.006422852709106654,
  0.0065251501580081694,
  0.005701843768100052,
  0.0340699386640317,
  0.006674665579671412,
  0.004155971788673081,
  0.01115621445784026,
  0.005647575381802563,
  0.008398737150460219,
  0.00596745036712847,
  0.012779802401558434,
  0.006275780805598332,
  0.006080686472403204,
  0.004159953749717467,
  0.00367294404179582,
  0.01097486863768527,
  0.007279322029236121
 ]
}