{
 "t": [
  0.0,
  1.0833078115826873,
  2.1666156231653746,
  3.249923434748062,
  4.333231246330749,
  5.416539057913436,
  6.499846869496124,
  7.5831546810788115,
  8.666462492661498,
  9.749770304244185,
  10.833078115826872,
  11.91638592740956,
  12.999693738992248,
  14.083001550574934,
  15.166309362157623,
  16.249617173740308,
  17.332924985322997,
  18.416232796905685,
  19.49954060848837,
  20.58284842007106,
  21.666156231653744,
  22.749464043236433,
  23.83277185481912,
  24.916079666401806,
  25.999387477984495,
  27.082695289567184,
  28.16600310114987,
  29.249310912732557,
  30.332618724315246,
  31.41592653589793
 ],
 "Tr": [
  0.82373046875,
  0.7709147135416666,
  0.537841796875,
  0.491455078125,
  0.4072265625,
  0.3373209635416667,
  0.3162434895833333,
  0.2652180989583333,
  0.2630208333333333,
  0.24055989583333334,
  0.22501627604166666,
  0.22599283854166666,
  0.19474283854166666,
  0.18961588541666666,
  0.18611653645833334,
  0.18636067708333334,
  0.24617513020833334,
  0.24617513020833334,
  0.312255859375,
  0.3272298177083333,
  0.3199869791666667,
  0.313720703125,
  0.2876790364583333,
  0.278564453125,
  0.2628580729166667,
  0.3213704427083333,
  0.3588053385416667,
  0.4235026041666667,
  0.4117838541666667,
  0.4183756510416667
 ],
 "err": [
  0.16904976910260663,
  0.11479840179826929,
  0.025053872238231734,
  0.012425614599817059,
  0.005772260946062935,
  0.012215437643655517,
  0.02169847256880352,
  0.017554561692821553,
  0.015450027729710478,
  0.005666891392758362,
  0.01952938494784482,
  0.01770501199130031,
  0.009564511710150596,
  0.00029342051395377523,
  0.009071977125092287,
  0.02111796805916187,
  0.0351908007726689,
  0.005585670968716544,
  0.007410515910047012,
  0.021587854734136103,
  0.008044712471521743,
  0.016202429564906168,
  0.024269728519468826,
  0.013867388083569859,
  0.011334659255760639,
  0.00963281819815294,
  0.01115621445784026,
  0.008499850128448255,
  0.024410128806357484,
  0.006798535919899316
 ]
}