{
 "Parameter d": 16,
 "Parameter p": 375,
 "Parameter shots": 100000,
 "Time": [
  0.0,
  0.0839998035719196,
  0.1679996071438392,
  0.2519994107157588,
  0.3359992142876784,
  0.41999901785959803,
  0.5039988214315176,
  0.5879986250034372,
  0.6719984285753569,
  0.7559982321472765,
  0.8399980357191961,
  0.9239978392911157,
  1.0079976428630353,
  1.0919974464349549,
  1.1759972500068745,
  1.259997053578794,
  1.3439968571507137,
  1.4279966607226333,
  1.511996464294553,
  1.5959962678664725,
  1.6799960714383921,
  1.7639958750103117,
  1.8479956785822313,
  1.931995482154151,
  2.0159952857260706,
  2.09999508929799,
  2.1839948928699098,
  2.2679946964418294,
  2.351994500013749,
  2.4359943035856686,
  2.519994107157588,
  2.603993910729508,
  2.6879937143014274,
  2.771993517873347,
  2.8559933214452666,
  2.9399931250171862,
  3.023992928589106,
  3.1079927321610255,
  3.191992535732945,
  3.2759923393048647,
  3.3599921428767843,
  3.443991946448704,
  3.5279917500206235,
  3.611991553592543,
  3.6959913571644627,
  3.7799911607363823,
  3.863990964308302,
  3.9479907678802215,
  4.031990571452141,
  4.115990375024061,
  4.19999017859598,
  4.2839899821679,
  4.3679897857398196,
  4.451989589311739,
  4.535989392883659,
  4.619989196455578,
  4.703989000027498,
  4.787988803599418,
  4.871988607171337,
  4.955988410743257,
  5.039988214315176,
  5.123988017887096,
  5.207987821459016,
  5.291987625030935,
  5.375987428602855,
  5.459987232174774,
  5.543987035746694,
  5.627986839318614,
  5.711986642890533,
  5.795986446462453,
  5.8799862500343725,
  5.963986053606292,
  6.047985857178212,
  6.131985660750131,
  6.215985464322051,
  6.2999852678939705,
  6.38398507146589,
  6.46798487503781,
  6.551984678609729,
  6.635984482181649,
  6.7199842857535685,
  6.803984089325488,
  6.887983892897408,
  6.971983696469327,
  7.055983500041247,
  7.139983303613167,
  7.223983107185086,
  7.307982910757006,
  7.391982714328925,
  7.475982517900845,
  7.559982321472765,
  7.643982125044684,
  7.727981928616604,
  7.811981732188523,
  7.895981535760443,
  7.979981339332363,
  8.063981142904282,
  8.147980946476203,
  8.231980750048121,
  8.31598055362004,
  8.39998035719196,
  8.483980160763881,
  8.5679799643358,
  8.651979767907719,
  8.735979571479639,
  8.81997937505156,
  8.903979178623478,
  8.987978982195397,
  9.071978785767318,
  9.155978589339238,
  9.239978392911157,
  9.323978196483075,
  9.407978000054996,
  9.491977803626916,
  9.575977607198835,
  9.659977410770754,
  9.743977214342674,
  9.827977017914595,
  9.911976821486514,
  9.995976625058432,
  10.079976428630353,
  10.163976232202273,
  10.247976035774192,
  10.33197583934611,
  10.415975642918031,
  10.499975446489952,
  10.58397525006187,
  10.66797505363379,
  10.75197485720571,
  10.83597466077763,
  10.919974464349549,
  11.003974267921468,
  11.087974071493388,
  11.171973875065309,
  11.255973678637227,
  11.339973482209146,
  11.423973285781067,
  11.507973089352987,
  11.591972892924906,
  11.675972696496824,
  11.759972500068745,
  11.843972303640665,
  11.927972107212584,
  12.011971910784503,
  12.095971714356423,
  12.179971517928344,
  12.263971321500263,
  12.347971125072181,
  12.431970928644102,
  12.515970732216022,
  12.599970535787941,
  12.68397033935986,
  12.76797014293178,
  12.8519699465037,
  12.93596975007562,
  13.019969553647538,
  13.103969357219459,
  13.18796916079138,
  13.271968964363298,
  13.355968767935217,
  13.439968571507137,
  13.523968375079058,
  13.607968178650976,
  13.691967982222895,
  13.775967785794816,
  13.859967589366736,
  13.943967392938655,
  14.027967196510573,
  14.111967000082494,
  14.195966803654414,
  14.279966607226333,
  14.363966410798252,
  14.447966214370172,
  14.531966017942093,
  14.615965821514012,
  14.69996562508593,
  14.78396542865785,
  14.867965232229771,
  14.95196503580169,
  15.035964839373609,
  15.11996464294553,
  15.20396444651745,
  15.287964250089368,
  15.371964053661287,
  15.455963857233208,
  15.539963660805128,
  15.623963464377047,
  15.707963267948966,
  15.791963071520886,
  15.875962875092807,
  15.959962678664725,
  16.043962482236644,
  16.127962285808565,
  16.211962089380485,
  16.295961892952405,
  16.379961696524322,
  16.463961500096243,
  16.547961303668163,
  16.63196110724008,
  16.715960910812,
  16.79996071438392,
  16.883960517955842,
  16.967960321527762,
  17.05196012509968,
  17.1359599286716,
  17.21995973224352,
  17.303959535815437,
  17.387959339387358,
  17.471959142959278,
  17.5559589465312,
  17.63995875010312,
  17.723958553675036,
  17.807958357246957,
  17.891958160818877,
  17.975957964390794,
  18.059957767962715,
  18.143957571534635,
  18.227957375106556,
  18.311957178678476,
  18.395956982250393,
  18.479956785822313,
  18.563956589394234,
  18.64795639296615,
  18.73195619653807,
  18.815956000109992,
  18.899955803681912,
  18.983955607253833,
  19.06795541082575,
  19.15195521439767,
  19.23595501796959,
  19.319954821541508,
  19.40395462511343,
  19.48795442868535,
  19.57195423225727,
  19.65595403582919,
  19.739953839401107,
  19.823953642973027,
  19.907953446544948,
  19.991953250116865,
  20.075953053688785,
  20.159952857260706,
  20.243952660832626,
  20.327952464404547,
  20.411952267976464,
  20.495952071548384,
  20.579951875120305,
  20.66395167869222,
  20.747951482264142,
  20.831951285836062,
  20.915951089407983,
  20.999950892979903,
  21.08395069655182,
  21.16795050012374,
  21.25195030369566,
  21.33595010726758,
  21.4199499108395,
  21.50394971441142,
  21.58794951798334,
  21.67194932155526,
  21.755949125127177,
  21.839948928699098,
  21.92394873227102,
  22.007948535842935,
  22.091948339414856,
  22.175948142986776,
  22.259947946558697,
  22.343947750130617,
  22.427947553702534,
  22.511947357274455,
  22.595947160846375,
  22.679946964418292,
  22.763946767990213,
  22.847946571562133,
  22.931946375134054,
  23.015946178705974,
  23.09994598227789,
  23.18394578584981,
  23.267945589421732,
  23.35194539299365,
  23.43594519656557,
  23.51994500013749,
  23.60394480370941,
  23.68794460728133,
  23.771944410853248,
  23.85594421442517,
  23.93994401799709,
  24.023943821569006,
  24.107943625140926,
  24.191943428712847,
  24.275943232284767,
  24.359943035856688,
  24.443942839428605,
  24.527942643000525,
  24.611942446572446,
  24.695942250144363,
  24.779942053716283,
  24.863941857288204,
  24.947941660860124,
  25.031941464432045,
  25.11594126800396,
  25.199941071575882,
  25.283940875147803,
  25.36794067871972,
  25.45194048229164,
  25.53594028586356,
  25.61994008943548,
  25.7039398930074,
  25.78793969657932,
  25.87193950015124,
  25.95593930372316,
  26.039939107295076,
  26.123938910866997,
  26.207938714438917,
  26.291938518010838,
  26.37593832158276,
  26.459938125154675,
  26.543937928726596,
  26.627937732298516,
  26.711937535870433,
  26.795937339442354,
  26.879937143014274,
  26.963936946586195,
  27.047936750158115,
  27.131936553730032,
  27.215936357301953,
  27.299936160873873,
  27.38393596444579,
  27.46793576801771,
  27.55193557158963,
  27.63593537516155,
  27.719935178733472,
  27.80393498230539,
  27.88793478587731,
  27.97193458944923,
  28.055934393021147,
  28.139934196593067,
  28.223934000164988,
  28.30793380373691,
  28.39193360730883,
  28.475933410880746,
  28.559933214452666,
  28.643933018024587,
  28.727932821596504,
  28.811932625168424,
  28.895932428740345,
  28.979932232312265,
  29.063932035884186,
  29.147931839456103,
  29.231931643028023,
  29.315931446599944,
  29.39993125017186,
  29.48393105374378,
  29.5679308573157,
  29.651930660887622,
  29.735930464459543,
  29.81993026803146,
  29.90393007160338,
  29.9879298751753,
  30.071929678747217,
  30.155929482319138,
  30.23992928589106,
  30.32392908946298,
  30.4079288930349,
  30.491928696606816,
  30.575928500178737,
  30.659928303750657,
  30.743928107322574,
  30.827927910894495,
